rideId,departureDate,stopSequence,stopId,stopName
124603531,2021-06-02,1,2425,Rome Tiburtina Bus station
124603531,2021-06-02,2,12448,Avezzano
124603531,2021-06-02,3,15228,Ascoli Piceno
124603531,2021-06-02,4,23678,Ancona (Stazione FS)
124603531,2021-06-02,5,3968,Bologna (central bus station)
124603531,2021-06-02,6,20028,Skopje
124643301,2021-06-02,1,11898,MissingStop
124643301,2021-06-02,2,31911,Vienna Central Station
124643301,2021-06-03,3,20088,Novi Sad MAS
124643301,2021-06-03,4,31691,Ruma
124643301,2021-06-03,5,31721,Sremska Mitrovica
124643301,2021-06-03,6,31711,Šabac
124643301,2021-06-03,7,31681,Koceljeva
124643301,2021-06-03,8,31671,Valjevo
124694901,2021-06-02,1,31671,Valjevo
124694901,2021-06-02,2,42591,Ub
124694901,2021-06-02,3,42601,Obrenovac
124694901,2021-06-02,4,20018,Belgrade AS
124959011,2021-06-02,1,7118,"Bohumín, Nový Bohumín, žel.st."
124959011,2021-06-02,2,7108,Ostrava hl.n. LEO
124959011,2021-06-02,3,11878,Ostrava hl.n.
124959011,2021-06-02,4,7098,Ostrava-Svinov
124959011,2021-06-02,5,7088,Studénka
124959011,2021-06-02,6,7078,Suchdol nad Odrou
124959011,2021-06-02,7,7068,Hranice na Moravě
124959011,2021-06-02,8,7028,Přerov
124959011,2021-06-02,9,7018,Olomouc Main Station
124959011,2021-06-02,10,7008,Zábřeh
124959011,2021-06-02,11,42551,Ústí nad Orlicí (train)
124959011,2021-06-02,12,6998,Pardubice
124959011,2021-06-02,13,6978,Kolín
124959011,2021-06-02,14,16018,Prague Libeň
124959011,2021-06-02,15,24658,Prague Main Station (Train)
124959011,2021-06-02,16,6988,Prague Main Railway Station
125381211,2021-06-02,1,54791,MissingStop
125381211,2021-06-02,2,54781,Bucharest Autogara  Filaret
125424281,2021-06-02,1,48831,Ankara bus station
125424281,2021-06-02,2,48901,Bolu bus station
125424281,2021-06-02,3,48981,Düzce bus station
125424281,2021-06-02,4,49061,Akçakoca bus station
125424281,2021-06-02,5,49461,Alaplı bus station
125424281,2021-06-02,6,48671,Ereğli-Kdz bus station
125542291,2021-06-02,1,48161,MissingStop
125542291,2021-06-02,2,49301,Mucur bus station
125542291,2021-06-02,3,47931,Kırşehir bus station
125542291,2021-06-02,4,48171,Kırıkkale bus station
125542291,2021-06-02,5,49101,Elmadağ bus station
125542291,2021-06-02,6,49881,Kayaş Çalışkan
125542291,2021-06-02,7,48831,Ankara bus station
125542291,2021-06-02,8,48901,Bolu bus station
125542291,2021-06-02,9,48981,Düzce bus station
125542291,2021-06-02,10,47921,Gebze bus station
125542291,2021-06-02,11,48021,İstanbul Dudullu
125542291,2021-06-02,12,47991,İstanbul Alibeyköy
125542291,2021-06-02,13,48041,İstanbul Esenler
125879931,2021-06-02,1,47502,MissingStop
125879931,2021-06-02,2,49221,Kozlu bus station
125879931,2021-06-02,3,48671,Ereğli-Kdz bus station
125879931,2021-06-02,4,49461,Alaplı bus station
125879931,2021-06-02,5,49061,Akçakoca bus station
125879931,2021-06-02,6,48981,Düzce bus station
125879931,2021-06-02,7,51871,Taytem rest station
125879931,2021-06-02,8,47921,Gebze bus station
125879931,2021-06-02,9,48021,İstanbul Dudullu
125879931,2021-06-02,10,47991,İstanbul Alibeyköy
125879931,2021-06-02,11,48041,İstanbul Esenler
126472741,2021-06-02,1,48031,MissingStop
126472741,2021-06-03,2,48351,Milas bus station
126472741,2021-06-03,3,48461,Söke bus station
126472741,2021-06-03,4,53121,Izmir otogar tesis
126472741,2021-06-03,5,49011,Izmir bus station
126472741,2021-06-03,6,48521,Turgutlu bus station
126472741,2021-06-03,7,48431,Salihli bus station
126472741,2021-06-03,8,49271,Kula (Manisa) bus station
126472741,2021-06-03,9,47572,Uşak bus station
126472741,2021-06-03,10,53081,Uşak other rest station
126472741,2021-06-03,11,52041,Banaz
126472741,2021-06-03,12,48771,Afyon bus station
126472741,2021-06-03,13,48411,Polatlı bus station
126472741,2021-06-03,14,48831,Ankara bus station
126472741,2021-06-03,15,49881,Kayaş Çalışkan
126472741,2021-06-03,16,49101,Elmadağ bus station
126472741,2021-06-03,17,48171,Kırıkkale bus station
126472741,2021-06-03,18,49501,Sungurlu bus station
126472741,2021-06-03,19,48961,Çorum bus station
126472741,2021-06-03,20,48341,Merzifon bus station
126472741,2021-06-03,21,49771,Havza bus station
126472741,2021-06-03,22,49871,Kavak bus station
126472741,2021-06-03,23,47612,Samsun
126749771,2021-06-02,1,4548,Lyon Perrache
126749771,2021-06-02,2,4698,Nîmes
126749771,2021-06-02,3,4638,Montpellier
126749771,2021-06-02,4,4758,Perpignan
126749771,2021-06-02,5,8658,Barcelona Nord
126910381,2021-06-02,1,36221,MissingStop
126910381,2021-06-02,2,36211,Cascais
126910381,2021-06-02,3,16958,Lisbon (Oriente)
126910381,2021-06-02,4,31731,Almada (Metro Cova Piedade)
126910381,2021-06-02,5,19308,Badajoz
126910381,2021-06-03,6,50211,Toledo
126910381,2021-06-03,7,19288,Madrid (South)
126910381,2021-06-03,8,16058,Madrid Airport (T4)
126966422,2021-06-02,1,48161,MissingStop
126966422,2021-06-02,2,49941,Avanos bus station
126966422,2021-06-02,3,49691,Göreme bus station
126966422,2021-06-02,4,47661,Nevşehir bus station
126966422,2021-06-02,5,47501,Acıgöl
126966422,2021-06-02,6,51651,Tuanna rest station
126966422,2021-06-02,7,48791,Aksaray bus station
126966422,2021-06-02,8,47901,Konya bus station
126966422,2021-06-02,9,48131,Beyşehir
126966422,2021-06-02,10,49401,Şarkikaraağaç bus station
126966422,2021-06-03,11,50171,Eğirdir bus station
126966422,2021-06-03,12,47981,Isparta bus station
126966422,2021-06-03,13,48841,Antalya bus station
127020512,2021-06-02,1,47901,Konya bus station
127020512,2021-06-02,2,48721,Cihanbeyli bus station
127020512,2021-06-02,3,48281,Kulu bus station
127020512,2021-06-02,4,48831,Ankara bus station
127020512,2021-06-03,5,51821,Unova
127020512,2021-06-03,6,47532,Sakarya
127020512,2021-06-03,7,47911,Kocaeli bus station
127020512,2021-06-03,8,47921,Gebze bus station
127020512,2021-06-03,9,48021,İstanbul Dudullu
127020512,2021-06-03,10,47991,İstanbul Alibeyköy
127020512,2021-06-03,11,48041,İstanbul Esenler
127126351,2021-06-02,1,29408,MissingStop
127126351,2021-06-02,2,29458,Huelva
127126351,2021-06-02,3,35721,Faro (Av. Republica)
127126351,2021-06-02,4,23638,Faro (Airport)
127126351,2021-06-02,5,31581,Albufeira (Av Pessanha Viegas)
127126351,2021-06-02,6,16958,Lisbon (Oriente)
127411141,2021-06-02,1,2196,Kraków MDA
127411141,2021-06-02,2,24068,Tatranská Lomnica
127411141,2021-06-02,3,24048,Starý Smokovec
127411141,2021-06-02,4,14098,Poprad
127411141,2021-06-03,5,14088,Prešov
127411141,2021-06-03,6,14068,Košice
127411141,2021-06-03,7,14288,Budapest Airport
127411141,2021-06-03,8,2015,Budapest Népliget
127566401,2021-06-02,1,10,Munich central bus station
127566401,2021-06-02,2,22638,Salzburg South
127566401,2021-06-02,3,9678,Villach
127566401,2021-06-02,4,10138,Udine (autostazione)
127566401,2021-06-02,5,2545,Trieste (Autostazione)
127566401,2021-06-02,6,7588,Opatija
127566401,2021-06-02,7,7598,Rijeka
127566401,2021-06-02,8,7568,Crikvenica
127690701,2021-06-02,1,11548,"Cologne South, Airport"
127690701,2021-06-02,2,25,Düsseldorf
127690701,2021-06-02,3,4808,Roermond
127690701,2021-06-02,4,5788,Eindhoven
127690701,2021-06-02,5,3268,Antwerp
127746141,2021-06-02,1,36711,Girona
127746141,2021-06-02,2,30691,Olot
127760751,2021-06-02,1,36711,Girona
127760751,2021-06-02,2,39091,Sant Feliu de Guíxols
127760881,2021-06-02,1,39091,Sant Feliu de Guíxols
127760881,2021-06-02,2,36711,Girona
127878441,2021-06-02,1,30691,Olot
127878441,2021-06-02,2,36711,Girona
128188751,2021-06-02,1,2186,Copenhagen
128188751,2021-06-02,2,14948,CPH Airport
128188751,2021-06-02,3,2265,Malmö
128188751,2021-06-03,4,9038,Jönköping
128188751,2021-06-03,5,9048,Linköping
128188751,2021-06-03,6,10408,Norrköping
128188751,2021-06-03,7,34061,Skavsta Flygplats
128188751,2021-06-03,8,3978,Stockholm Cityterminalen
128188751,2021-06-03,9,28968,Arlanda Airport T4 & 5
128188751,2021-06-03,10,28978,Arlanda Airport T 2 & 3
128268362,2021-06-02,1,10,Munich central bus station
128268362,2021-06-02,2,55,Augsburg
128268362,2021-06-02,3,17,Stuttgart Vaihingen
128268362,2021-06-02,4,61,Stuttgart Zuffenhausen
128268362,2021-06-02,5,2765,Heilbronn central station
128268362,2021-06-03,6,13,Darmstadt
128268362,2021-06-03,7,12,Frankfurt central station
128268362,2021-06-03,8,29608,Hagen main station
128268362,2021-06-03,9,49,Dortmund
128268362,2021-06-03,10,231,Münster
128268362,2021-06-03,11,211,Osnabrück
128268362,2021-06-03,12,89,Bremen
128268362,2021-06-03,13,36,Hamburg ZOB
128342872,2021-06-02,1,50,MissingStop
128342872,2021-06-02,2,91,Wuppertal
128342872,2021-06-02,3,10058,Lüdenscheid
128342872,2021-06-02,4,541,Siegen
128342872,2021-06-02,5,12,Frankfurt central station
128342872,2021-06-02,6,38,Frankfurt Airport
128342872,2021-06-02,7,41481,Heidelberg Pre Waypoint
128342872,2021-06-02,8,14,Heidelberg
128342872,2021-06-02,9,41501,Heidelberg Post Waypoint
128342872,2021-06-02,10,2765,Heilbronn central station
128342872,2021-06-02,11,61,Stuttgart Zuffenhausen
128342872,2021-06-02,12,2785,Stuttgart Airport
128342872,2021-06-02,13,684,Ulm
128342872,2021-06-02,14,55,Augsburg
128342872,2021-06-02,15,10,Munich central bus station
128509331,2021-06-02,1,48041,İstanbul Esenler
128509331,2021-06-02,2,47991,İstanbul Alibeyköy
128509331,2021-06-02,3,48021,İstanbul Dudullu
128509331,2021-06-02,4,47921,Gebze bus station
128509331,2021-06-02,5,47911,Kocaeli bus station
128509331,2021-06-02,6,47532,Sakarya
128509331,2021-06-02,7,51871,Taytem rest station
128509331,2021-06-02,8,48901,Bolu bus station
128509331,2021-06-02,9,48071,Karabuk bus station
128509331,2021-06-02,10,48421,Safranbolu bus station
128509331,2021-06-02,11,50511,Toprakcuma
128509331,2021-06-02,12,50521,İğdir (Kastamonu)
128509331,2021-06-02,13,49831,Araç bus station
128509331,2021-06-02,14,48151,Kastamonu bus station
129261221,2021-06-02,1,4658,Nantes Haluchère
129261221,2021-06-02,2,4978,Angers
129261221,2021-06-02,3,5598,Le Mans
129261221,2021-06-02,4,11558,Paris (Bercy Seine)
129412581,2021-06-02,1,48041,İstanbul Esenler
129412581,2021-06-02,2,47991,İstanbul Alibeyköy
129412581,2021-06-02,3,48021,İstanbul Dudullu
129412581,2021-06-02,4,51821,Unova
129412581,2021-06-02,5,48831,Ankara bus station
129500511,2021-06-02,1,48151,Kastamonu bus station
129500511,2021-06-02,2,49831,Araç bus station
129500511,2021-06-02,3,50521,İğdir (Kastamonu)
129500511,2021-06-02,4,50511,Toprakcuma
129500511,2021-06-02,5,48421,Safranbolu bus station
129500511,2021-06-02,6,48071,Karabuk bus station
129500511,2021-06-02,7,48901,Bolu bus station
129500511,2021-06-02,8,48981,Düzce bus station
129500511,2021-06-02,9,47532,Sakarya
129500511,2021-06-02,10,47911,Kocaeli bus station
129500511,2021-06-02,11,47921,Gebze bus station
129500511,2021-06-02,12,48021,İstanbul Dudullu
129500511,2021-06-02,13,47991,İstanbul Alibeyköy
129500511,2021-06-02,14,48041,İstanbul Esenler
129500511,2021-06-02,15,54181,Çerkezköy bus station
129500511,2021-06-02,16,54891,Çorlu
129615441,2021-06-02,1,11238,MissingStop
129615441,2021-06-02,2,22118,Gornji Kneginec
129615441,2021-06-02,3,22128,Novi Marof
129615441,2021-06-02,4,22138,Bedenica
129615441,2021-06-02,5,2635,Zagreb
129615441,2021-06-02,6,26928,Seget Donji
129615441,2021-06-02,7,7628,Trogir
129615441,2021-06-02,8,26918,Kaštel Sucurac
129615441,2021-06-02,9,7618,Split
130417661,2021-06-02,1,31911,Vienna Central Station
130417661,2021-06-02,2,2015,Budapest Népliget
130475551,2021-06-02,1,47602,MissingStop
130475551,2021-06-02,2,49181,Yıldızeli
130475551,2021-06-02,3,49081,Akdağmadeni bus station
130475551,2021-06-02,4,48471,Sorgun bus station
130475551,2021-06-02,5,51561,Coşkun Restaurant rest station
130475551,2021-06-02,6,47542,Yozgat
130475551,2021-06-02,7,48171,Kırıkkale bus station
130475551,2021-06-02,8,49101,Elmadağ bus station
130475551,2021-06-02,9,49881,Kayaş Çalışkan
130475551,2021-06-02,10,48831,Ankara bus station
130618691,2021-06-02,1,1494,Prague ÚAN Florenc
130618691,2021-06-02,2,251,Dresden central station
130618691,2021-06-02,3,30,Leipzig central station
130618691,2021-06-02,4,70,Magdeburg
130618691,2021-06-02,5,41,Brunswick central station
130618691,2021-06-02,6,64,Hanover
130618691,2021-06-02,7,201,Bad Oeynhausen
130618691,2021-06-02,8,211,Osnabrück
130618691,2021-06-02,9,2065,Enschede
130618691,2021-06-02,10,1384,Arnhem
130618691,2021-06-02,11,4688,Nijmegen
130618691,2021-06-02,12,5788,Eindhoven
130618691,2021-06-03,13,2865,Lille
130618691,2021-06-03,14,4168,Paris CDG Airport
130618691,2021-06-03,15,11558,Paris (Bercy Seine)
130762251,2021-06-02,1,2655,Vienna Erdberg (VIB)
130762251,2021-06-02,2,23448,Graz Webling
130762251,2021-06-02,3,2275,Maribor
130762251,2021-06-02,4,2635,Zagreb
130834891,2021-06-02,1,47502,MissingStop
130834891,2021-06-02,2,49221,Kozlu bus station
130834891,2021-06-02,3,48671,Ereğli-Kdz bus station
130834891,2021-06-02,4,49461,Alaplı bus station
130834891,2021-06-02,5,49061,Akçakoca bus station
130834891,2021-06-02,6,51871,Taytem rest station
130834891,2021-06-02,7,47921,Gebze bus station
130834891,2021-06-02,8,48021,İstanbul Dudullu
130834891,2021-06-02,9,47991,İstanbul Alibeyköy
130834891,2021-06-02,10,48041,İstanbul Esenler
131242421,2021-06-02,1,8968,MissingStop
131242421,2021-06-02,2,13798,Töcksfors
131242421,2021-06-02,3,13618,Årjäng
131242421,2021-06-02,4,13708,Knöstad
131242421,2021-06-02,5,32751,Grums Station
131242421,2021-06-02,6,13698,Karlstad
131564931,2021-06-02,1,1875,Innsbruck Südbahnstraße
131564931,2021-06-02,2,651,Seefeld
131564931,2021-06-02,3,4608,Mittenwald
131564931,2021-06-02,4,631,Garmisch-Partenkirchen
131564931,2021-06-02,5,10,Munich central bus station
131564931,2021-06-02,6,621,Munich Airport
131564981,2021-06-02,1,621,Munich Airport
131564981,2021-06-02,2,10,Munich central bus station
131564981,2021-06-02,3,631,Garmisch-Partenkirchen
131564981,2021-06-02,4,4608,Mittenwald
131564981,2021-06-02,5,651,Seefeld
131564981,2021-06-02,6,1875,Innsbruck Südbahnstraße
131564991,2021-06-02,1,1875,Innsbruck Südbahnstraße
131564991,2021-06-02,2,651,Seefeld
131564991,2021-06-02,3,4608,Mittenwald
131564991,2021-06-02,4,631,Garmisch-Partenkirchen
131564991,2021-06-02,5,10,Munich central bus station
131564991,2021-06-02,6,621,Munich Airport
131628361,2021-06-02,1,3938,Genoa (Fanti d'Italia/Principe bus station)
131628361,2021-06-02,2,1304,Milan (Lampugnano bus station)
131628361,2021-06-03,3,2,Zurich
131628361,2021-06-03,4,79,Tübingen
131628361,2021-06-03,5,2785,Stuttgart Airport
131628361,2021-06-03,6,26,Karlsruhe
131628361,2021-06-03,7,14,Heidelberg
131628361,2021-06-03,8,19,Mannheim ZOB
131628361,2021-06-03,9,11548,"Cologne South, Airport"
131628361,2021-06-03,10,25,Düsseldorf
131639601,2021-06-02,1,4028,MissingStop
131639601,2021-06-02,2,9588,Perugia (Piazzale Umbria Jazz)
131639601,2021-06-02,3,2085,Florence (Villa Costanza Tram T1)
131639601,2021-06-02,4,3938,Genoa (Fanti d'Italia/Principe bus station)
131639601,2021-06-02,5,10358,Savona (Stazione FS)
131639601,2021-06-02,6,10438,Turin (Lingotto)
131639601,2021-06-02,7,3388,Turin (Vittorio Emanuele)
131713971,2021-06-02,1,17228,MissingStop
131713971,2021-06-02,2,11558,Paris (Bercy Seine)
131713971,2021-06-02,3,17438,Arpajon
131713971,2021-06-02,4,16928,Étampes
131713971,2021-06-02,5,9138,Orléans (Libération)
131713971,2021-06-02,6,6168,Tours
131713971,2021-06-02,7,6058,Poitiers
131713971,2021-06-02,8,9228,Niort
131713971,2021-06-03,9,42431,International Interconnection Hub
131713971,2021-06-03,10,16948,Salamanca
131713971,2021-06-03,11,16378,Vilar Formoso
131713971,2021-06-03,12,17158,Guarda (Bus Station)
131713971,2021-06-03,13,39911,Celorico da Beira
131713971,2021-06-03,14,16388,Viseu  (Bus Station)
131713971,2021-06-03,15,39931,Albergaria-a-Velha (Bus Station)
131713971,2021-06-03,16,40061,Sao Joao da Madeira
131713971,2021-06-03,17,39941,Lourosa
131713971,2021-06-03,18,23658,Porto (Camelias)
131713971,2021-06-03,19,40501,Povoa do Varzim (Bus Station)
131713971,2021-06-03,20,40491,Viana do Castelo (Bus Station)
131717591,2021-06-02,1,40751,MissingStop
131717591,2021-06-02,2,40691,Ponte Barca
131717591,2021-06-02,3,16558,Ponte de Lima (Bus Station)
131717591,2021-06-02,4,40741,Braga
131717591,2021-06-02,5,16678,Guimaraes (Bus Station)
131717591,2021-06-02,6,40721,Fafe (Bus Station)
131717591,2021-06-02,7,40681,Arco Baulhe (Bus Station)
131717591,2021-06-02,8,40711,V. P. Aguiar (Bus Station)
131717591,2021-06-02,9,40701,Pedras Salgadas
131717591,2021-06-02,10,40921,Vidago
131717591,2021-06-02,11,40761,Chaves
131717591,2021-06-02,12,46321,Verin (Bus Station)
131717591,2021-06-02,13,16128,Puebla de Sanabria
131717591,2021-06-02,14,16088,Benavente
131717591,2021-06-02,15,43231,Leon
131717591,2021-06-02,16,42431,International Interconnection Hub
131717591,2021-06-02,17,16148,Vitoria-Gasteiz
131717591,2021-06-03,18,18518,Saintes
131717591,2021-06-03,19,6058,Poitiers
131717591,2021-06-03,20,6168,Tours
131717591,2021-06-03,21,9138,Orléans (Libération)
131717591,2021-06-03,22,16288,Versailles (IC)
131717591,2021-06-03,23,11558,Paris (Bercy Seine)
131717591,2021-06-03,24,2865,Lille
131717591,2021-06-03,25,37381,Brussels South (Avenue Fonsny/Eurolines)
131717591,2021-06-03,26,2875,Brussels-North station
131717591,2021-06-03,27,14698,Aachen Hüls
131717591,2021-06-03,28,11548,"Cologne South, Airport"
131717591,2021-06-03,29,25,Düsseldorf
131717591,2021-06-03,30,52,Essen
131717591,2021-06-03,31,49,Dortmund
131924311,2021-06-02,1,4168,Paris CDG Airport
131924311,2021-06-02,2,11558,Paris (Bercy Seine)
131924311,2021-06-02,3,12818,Paris - Orly Airport
131924311,2021-06-03,4,8118,Angoulême
131924311,2021-06-03,5,4288,Bordeaux Saint-Jean
131924311,2021-06-03,6,13158,Bordeaux (Pessac)
131924311,2021-06-03,7,5158,Bayonne
131924311,2021-06-03,8,57381,Biarritz (Airport)
131924311,2021-06-03,9,4858,Saint-Jean-de-Luz
131924311,2021-06-03,10,46561,Hendaye
131924311,2021-06-03,11,6008,San Sebastian (Bus Station)
131974181,2021-06-02,1,44201,Bolzano South
131974181,2021-06-02,2,4888,Trento (Lungadige Monte Grappa)
131974181,2021-06-02,3,8218,Milan (Sesto S.G. 1° Maggio M1)
131974181,2021-06-02,4,1304,Milan (Lampugnano bus station)
132218641,2021-06-02,1,1224,Berlin Alexanderplatz
132218641,2021-06-02,2,9128,"Warzymice, Osiedle Kresy"
132218641,2021-06-02,3,2515,"Szczecin, ul. Kolumba"
132459931,2021-06-02,1,48041,İstanbul Esenler
132459931,2021-06-02,2,47991,İstanbul Alibeyköy
132459931,2021-06-02,3,48021,İstanbul Dudullu
132459931,2021-06-02,4,47921,Gebze bus station
132459931,2021-06-02,5,48921,Bursa bus station
132459931,2021-06-02,6,48861,Balıkesir bus station
132459931,2021-06-02,7,53121,Izmir otogar tesis
132459931,2021-06-02,8,49011,Izmir bus station
132563501,2021-06-02,1,11558,Paris (Bercy Seine)
132563501,2021-06-02,2,2875,Brussels-North station
132996741,2021-06-02,1,2875,Brussels-North station
132996741,2021-06-02,2,11768,Brussels Airport
132996741,2021-06-02,3,3268,Antwerp
132996741,2021-06-02,4,1394,Utrecht
132996741,2021-06-02,5,24508,Amsterdam Bijlmer
132996741,2021-06-02,6,11928,Schiphol Airport
133223001,2021-06-02,1,14068,Košice
133223001,2021-06-02,2,7288,Košice station (train)
133223001,2021-06-02,3,7278,Kysak
133223001,2021-06-02,4,14088,Prešov
133223001,2021-06-02,5,7268,Prešov (LEO)
133223001,2021-06-02,6,7258,Spišská Nová Ves
133223001,2021-06-02,7,7248,Poprad-Tatry (LEO)
133223001,2021-06-02,8,7238,Štrba
133223001,2021-06-02,9,7228,Liptovský Mikuláš (LEO)
133223001,2021-06-02,10,7218,Ružomberok (train)
133223001,2021-06-02,11,13988,Ružomberok bus station
133223001,2021-06-02,12,7208,Vrútky
133223001,2021-06-02,13,7198,Žilina (LEO)
133223001,2021-06-02,14,14118,Žilina
133223001,2021-06-02,15,7188,Čadca
133223001,2021-06-02,16,7168,Třinec
133223001,2021-06-02,17,7148,Český Těšín
133223001,2021-06-02,18,7138,Karviná
133223001,2021-06-02,19,7118,"Bohumín, Nový Bohumín, žel.st."
133223001,2021-06-02,20,7108,Ostrava hl.n. LEO
133223001,2021-06-02,21,11878,Ostrava hl.n.
133223001,2021-06-02,22,7098,Ostrava-Svinov
133223001,2021-06-02,23,7088,Studénka
133223001,2021-06-02,24,7078,Suchdol nad Odrou
133223001,2021-06-02,25,7068,Hranice na Moravě
133223001,2021-06-02,26,7028,Přerov
133223001,2021-06-02,27,7018,Olomouc Main Station
133223001,2021-06-02,28,7008,Zábřeh
133223001,2021-06-02,29,42551,Ústí nad Orlicí (train)
133223001,2021-06-02,30,6998,Pardubice
133223001,2021-06-02,31,6978,Kolín
133223001,2021-06-02,32,16018,Prague Libeň
133223001,2021-06-02,33,24658,Prague Main Station (Train)
133223001,2021-06-02,34,6988,Prague Main Railway Station
133263131,2021-06-02,1,2635,Zagreb
133263131,2021-06-03,2,13318,Siofok
133263131,2021-06-03,3,14288,Budapest Airport
133263131,2021-06-03,4,2015,Budapest Népliget
133263131,2021-06-03,5,28878,Budapest Mexikói út
133263131,2021-06-03,6,13958,Zvolen
133263131,2021-06-03,7,13968,Banská Bystrica
133263131,2021-06-03,8,13978,Donovaly
133263131,2021-06-03,9,13988,Ružomberok bus station
133263131,2021-06-03,10,2196,Kraków MDA
133449481,2021-06-02,1,18468,MissingStop
133449481,2021-06-02,2,18268,Brăila
133449481,2021-06-02,3,18488,Țăndărei
133449481,2021-06-02,4,18478,Slobozia
133449481,2021-06-02,5,18308,Calarasi
133449481,2021-06-02,6,21868,Bucharest Autogara Militari
134044851,2021-06-02,1,28048,Macerata (Autostazione)
134044851,2021-06-02,2,15928,Piediripa (Macerata)
134044851,2021-06-02,3,9498,Civitanova Marche
134044851,2021-06-02,4,28068,Porto Sant'Elpidio (Piazzale Virgilio)
134044851,2021-06-02,5,28078,Porto San Giorgio (C.so Garibaldi)
134044851,2021-06-02,6,31081,Porto San Giorgio (Largo Carducci)
134044851,2021-06-02,7,28088,Pedaso
134044851,2021-06-02,8,28098,Cupra Marittima
134044851,2021-06-02,9,28108,Grottammare
134044851,2021-06-02,10,9488,San Benedetto del Tronto (Piazza Cesare Battisti 5/7)
134044851,2021-06-02,11,10368,Porto d'Ascoli
134044851,2021-06-02,12,2425,Rome Tiburtina Bus station
134044851,2021-06-02,13,28228,Rome Ciampino Airport
134044851,2021-06-02,14,15218,Rome Fiumicino Airport
134085961,2021-06-02,1,87,MissingStop
134085961,2021-06-02,2,88,Oldenburg
134085961,2021-06-02,3,89,Bremen
134085961,2021-06-02,4,1,Berlin central bus station
134160691,2021-06-02,1,11558,Paris (Bercy Seine)
134160691,2021-06-02,2,5118,Auxerre
134160691,2021-06-02,3,4438,Dijon
134323421,2021-06-02,1,5288,Caen
134323421,2021-06-02,2,6188,Paris La Défense
134323421,2021-06-02,3,11558,Paris (Bercy Seine)
134577341,2021-06-02,1,2565,Verona (Porta Nuova)
134577341,2021-06-02,2,11838,Mantua (Strada Cipata)
134577341,2021-06-02,3,6308,Modena (Terminal via Gottardi)
134577341,2021-06-02,4,2085,Florence (Villa Costanza Tram T1)
134577341,2021-06-02,5,7408,Siena (Stazione FS)
134577341,2021-06-02,6,11407,Perugia (Piazza Partigiani)
134577341,2021-06-03,7,27378,Villa San Giovanni
134577341,2021-06-03,8,17728,Messina
134577341,2021-06-03,9,31231,Catania (Via D'Amico)
134577341,2021-06-03,10,31281,Lentini
134577341,2021-06-03,11,46931,Comiso (Via Ghandi)
134577341,2021-06-03,12,17738,Ragusa
134577341,2021-06-03,13,31301,Modica
134636961,2021-06-02,1,1,Berlin central bus station
134636961,2021-06-02,2,36,Hamburg ZOB
134636961,2021-06-03,3,89,Bremen
134636961,2021-06-03,4,1554,Groningen
134636961,2021-06-03,5,2715,Amsterdam Sloterdijk
134879601,2021-06-02,1,1775,MissingStop
134879601,2021-06-02,2,1805,Lana (Lido)
134879601,2021-06-02,3,44201,Bolzano South
134879601,2021-06-02,4,4888,Trento (Lungadige Monte Grappa)
134879601,2021-06-02,5,12608,Rovereto
134879601,2021-06-02,6,10338,Gardaland
134879601,2021-06-02,7,10328,Peschiera del Garda (Stazione FS)
134879601,2021-06-02,8,10168,Bergamo (Orio al Serio Airport - BGY)
134879601,2021-06-02,9,39391,Cormano - Cusano Milanino West
134879601,2021-06-02,10,1304,Milan (Lampugnano bus station)
134879601,2021-06-02,11,15948,Novara (motorway A4 westbound)
134879601,2021-06-02,12,22658,Santhià (motorway A4 westbound)
134879601,2021-06-02,13,22668,Chivasso Centro (motorway A4 westbound)
134879601,2021-06-02,14,16228,Turin Stura
134879601,2021-06-02,15,3388,Turin (Vittorio Emanuele)
134911821,2021-06-02,1,10028,MissingStop
134911821,2021-06-02,2,10008,Široki Brijeg
134911821,2021-06-02,3,9998,Posušje
134911821,2021-06-02,4,9868,Imotski
134911821,2021-06-02,5,32381,Krivodol
134911821,2021-06-02,6,32281,Cista Provo
134911821,2021-06-02,7,32291,Cista Velika
134911821,2021-06-02,8,7618,Split
135047271,2021-06-02,1,561,MissingStop
135047271,2021-06-02,2,341,Homburg
135047271,2021-06-02,3,95,Kaiserslautern
135047271,2021-06-02,4,291,Mainz
135047271,2021-06-02,5,38,Frankfurt Airport
135047271,2021-06-02,6,12,Frankfurt central station
135047271,2021-06-03,7,30,Leipzig central station
135047271,2021-06-03,8,44061,"Berlin Airport BER, T 1/2"
135047271,2021-06-03,9,1,Berlin central bus station
135047271,2021-06-03,10,1224,Berlin Alexanderplatz
135293421,2021-06-02,1,2655,Vienna Erdberg (VIB)
135293421,2021-06-02,2,2605,Vienna Airport
135293421,2021-06-02,3,1965,Bratislava Einsteinova
135293421,2021-06-02,4,1975,"Bratislava,,Most SNP"
135293421,2021-06-02,5,1955,Bratislava Airport
135293521,2021-06-02,1,1955,Bratislava Airport
135293521,2021-06-02,2,7838,Bratislava
135293521,2021-06-02,3,1975,"Bratislava,,Most SNP"
135293521,2021-06-02,4,1965,Bratislava Einsteinova
135293521,2021-06-02,5,2605,Vienna Airport
135293521,2021-06-02,6,2655,Vienna Erdberg (VIB)
135585091,2021-06-02,1,1985,"Wrocław, Dworzec Autobusowy"
135585091,2021-06-02,2,2196,Kraków MDA
135585151,2021-06-02,1,2196,Kraków MDA
135585151,2021-06-02,2,1985,"Wrocław, Dworzec Autobusowy"
135907351,2021-06-02,1,1494,Prague ÚAN Florenc
135907351,2021-06-02,2,19018,Hradec Králové
135907351,2021-06-03,3,14358,"Łódź, WPA Łódź Fabryczna"
135907351,2021-06-03,4,10118,Warsaw West
135907351,2021-06-03,5,23498,Radom Dworzec Autobusowy
135907351,2021-06-03,6,19028,Rivne BS
135907351,2021-06-03,7,19038,Zhytomyr BS
135907351,2021-06-03,8,19058,Kyiv (Kyiv Bus Station)
135982831,2021-06-02,1,4208,MissingStop
135982831,2021-06-02,2,14498,Bellegarde (Péage)
135982831,2021-06-02,3,4548,Lyon Perrache
136090661,2021-06-02,1,4548,Lyon Perrache
136090661,2021-06-02,2,4968,Grenoble
136103691,2021-06-02,1,5058,MissingStop
136103691,2021-06-02,2,19828,Aix-les-Bains
136103691,2021-06-02,3,4548,Lyon Perrache
136352351,2021-06-02,1,2015,Budapest Népliget
136352351,2021-06-03,2,2275,Maribor
136352351,2021-06-03,3,2235,Ljubljana
136352351,2021-06-03,4,10138,Udine (autostazione)
136352351,2021-06-03,5,3758,Venice Mestre (Stazione FS)
136352351,2021-06-03,6,2555,Venice (Tronchetto)
136352351,2021-06-03,7,3968,Bologna (central bus station)
136352351,2021-06-03,8,2085,Florence (Villa Costanza Tram T1)
136391591,2021-06-02,1,2775,MissingStop
136391591,2021-06-02,2,8078,St. Michael station
136391591,2021-06-02,3,2225,Linz Wissensturm
136427231,2021-06-02,1,8038,Marseille St. Charles
136427231,2021-06-02,2,5018,Aix-en-Provence
136427231,2021-06-02,3,4968,Grenoble
136471821,2021-06-02,1,1304,Milan (Lampugnano bus station)
136471821,2021-06-02,2,2,Zurich
136471821,2021-06-02,3,3,Constance Döbeleplatz
136471821,2021-06-02,4,3228,Engen
136471821,2021-06-02,5,4278,Böblingen
136471821,2021-06-02,6,12908,Kornwestheim Pre Waypoint
136471821,2021-06-02,7,8058,Kornwestheim
136471821,2021-06-02,8,41471,Kornwestheim Post Waypoint 1
136471821,2021-06-02,9,12918,Kornwestheim Post Waypoint 2
136471821,2021-06-02,10,28,Würzburg
136471821,2021-06-03,11,46,Göttingen
136471821,2021-06-03,12,64,Hanover
136471821,2021-06-03,13,36,Hamburg ZOB
136527231,2021-06-02,1,16958,Lisbon (Oriente)
136527231,2021-06-02,2,23658,Porto (Camelias)
136527231,2021-06-02,3,23628,Braga
136554751,2021-06-02,1,2555,Venice (Tronchetto)
136554751,2021-06-02,2,3758,Venice Mestre (Stazione FS)
136554751,2021-06-02,3,2355,Padua
136554751,2021-06-02,4,2565,Verona (Porta Nuova)
136554751,2021-06-02,5,1304,Milan (Lampugnano bus station)
136554751,2021-06-03,6,12928,Luzern
136554751,2021-06-03,7,2,Zurich
136554751,2021-06-03,8,1634,Basel SBB
136554751,2021-06-03,9,8,Freiburg (i.Br.)
136554751,2021-06-03,10,23,Strasbourg
136584081,2021-06-02,1,35721,Faro (Av. Republica)
136584081,2021-06-02,2,31581,Albufeira (Av Pessanha Viegas)
136584081,2021-06-02,3,16958,Lisbon (Oriente)
136584081,2021-06-02,4,36591,Fatima
136584081,2021-06-02,5,32741,Coimbra (Rua do Padrao)
136584081,2021-06-02,6,23658,Porto (Camelias)
136746331,2021-06-02,1,57521,MissingStop
136746331,2021-06-02,2,50721,Leeds (Kirkgate)
136746331,2021-06-02,3,50781,Sheffield (Meadowhall Interchange)
136746331,2021-06-02,4,50741,London Finchley Rd
136746331,2021-06-02,5,4948,London Victoria Coach Station
136886931,2021-06-02,1,2815,Vienna Europaplatz (train)
136886931,2021-06-02,2,22568,Vienna Meidling
136886931,2021-06-02,3,7758,Tullnerfeld station (train)
136886931,2021-06-02,4,2505,Sankt Pölten (train)
136886931,2021-06-02,5,1895,Amstetten station (train)
136886931,2021-06-02,6,50241,St. Valentin station (train)
136886931,2021-06-02,7,7378,Linz central station (Train)
136886931,2021-06-02,8,2595,Wels station (train)
136886931,2021-06-02,9,1915,Attnang-Puchheim (train)
136886931,2021-06-02,10,31841,Vöcklabruck station (train)
136886931,2021-06-02,11,50251,Neumarkt-Köstendorf station (train)
136886931,2021-06-02,12,7368,Salzburg (FlixTrain)
136887351,2021-06-02,1,7368,Salzburg (FlixTrain)
136887351,2021-06-02,2,50251,Neumarkt-Köstendorf station (train)
136887351,2021-06-02,3,31841,Vöcklabruck station (train)
136887351,2021-06-02,4,1915,Attnang-Puchheim (train)
136887351,2021-06-02,5,2595,Wels station (train)
136887351,2021-06-02,6,7378,Linz central station (Train)
136887351,2021-06-02,7,50241,St. Valentin station (train)
136887351,2021-06-02,8,1895,Amstetten station (train)
136887351,2021-06-02,9,2505,Sankt Pölten (train)
136887351,2021-06-02,10,7758,Tullnerfeld station (train)
136887351,2021-06-02,11,22568,Vienna Meidling
136887351,2021-06-02,12,2815,Vienna Europaplatz (train)
136975621,2021-06-02,1,31231,Catania (Via D'Amico)
136975621,2021-06-02,2,27328,Giardini Naxos
136975621,2021-06-02,3,17728,Messina
136975621,2021-06-02,4,27378,Villa San Giovanni
136975621,2021-06-02,5,17758,Rosarno
136975621,2021-06-02,6,17798,Vibo Valentia
136975621,2021-06-02,7,17718,Lamezia Terme
136975621,2021-06-02,8,28318,Pian del Lago
136975621,2021-06-02,9,27108,Cosenza (Autostazione)
136975621,2021-06-02,10,27228,Rende (Cosenza Nord)
136975621,2021-06-02,11,27338,Tarsia
136975621,2021-06-02,12,27348,Terme Spezzano
136975621,2021-06-02,13,17778,Sibari
136975621,2021-06-02,14,27058,Bivio Cantinella
136975621,2021-06-02,15,28558,Corigliano (Distributore AGIP)
136975621,2021-06-02,16,23318,Schiavonea
136975621,2021-06-02,17,23398,Rossano
136975621,2021-06-02,18,23378,Mirto Crosia
136975621,2021-06-02,19,27068,Calopezzati
136975621,2021-06-02,20,27398,Pietrapaola
136975621,2021-06-02,21,27138,Mandatoriccio
136975621,2021-06-02,22,23298,Cariati
137695301,2021-06-02,1,56521,MissingStop
137695301,2021-06-02,2,54281,Hollywood / Highland (LA)
137695301,2021-06-02,3,26388,Downtown LA (N Vignes St)
137695301,2021-06-02,4,27478,Montclair
137695301,2021-06-02,5,26858,Victorville
137695301,2021-06-02,6,26868,Barstow Station
137695301,2021-06-02,7,26708,Las Vegas Strip (Las Vegas Blvd)
137695301,2021-06-02,8,26638,Downtown Las Vegas (1st St)
137695301,2021-06-02,9,26648,Henderson (Galleria at Sunset)
137712481,2021-06-02,1,21618,MissingStop
137712481,2021-06-02,2,36,Hamburg ZOB
137712481,2021-06-02,3,3288,Berlin Alt-Tegel
137712481,2021-06-02,4,1,Berlin central bus station
137712481,2021-06-02,5,481,Berlin Südkreuz
137712481,2021-06-02,6,44061,"Berlin Airport BER, T 1/2"
137712481,2021-06-02,7,32701,Frankfurt (Oder)
137712481,2021-06-02,8,35321,Słubice Collegium Polonicum
137712481,2021-06-03,9,14358,"Łódź, WPA Łódź Fabryczna"
137712481,2021-06-03,10,10118,Warsaw West
137729701,2021-06-02,1,16958,Lisbon (Oriente)
137729701,2021-06-02,2,23658,Porto (Camelias)
137790411,2021-06-02,1,48041,İstanbul Esenler
137790411,2021-06-02,2,47991,İstanbul Alibeyköy
137790411,2021-06-02,3,48021,İstanbul Dudullu
137790411,2021-06-02,4,47921,Gebze bus station
137790411,2021-06-02,5,48921,Bursa bus station
137790411,2021-06-02,6,48311,M.Kemal Paşa bus station
137790411,2021-06-02,7,49611,Susurluk bus station
137790411,2021-06-03,8,48861,Balıkesir bus station
137790411,2021-06-03,9,47761,Akhisar bus station
137790411,2021-06-03,10,47701,Manisa bus station
137790411,2021-06-03,11,53121,Izmir otogar tesis
137790411,2021-06-03,12,49011,Izmir bus station
137892941,2021-06-02,1,4108,Bari (Via Capruzzi)
137892941,2021-06-02,2,15758,Bari - Modugno
137892941,2021-06-02,3,6218,Naples (Metropark Centrale)
137915791,2021-06-02,1,48041,İstanbul Esenler
137915791,2021-06-02,2,47991,İstanbul Alibeyköy
137915791,2021-06-02,3,48021,İstanbul Dudullu
137915791,2021-06-02,4,47921,Gebze bus station
137915791,2021-06-02,5,48921,Bursa bus station
137915791,2021-06-03,6,56731,Konakoğlu rest station
137915791,2021-06-03,7,53121,Izmir otogar tesis
137915791,2021-06-03,8,49011,Izmir bus station
137915791,2021-06-03,9,48551,Urla bus station
137915791,2021-06-03,10,50081,Çeşme Alaçatı bus station
137915791,2021-06-03,11,50071,Çeşme Ilıca bus station
137915791,2021-06-03,12,50061,Çeşme bus station
137938561,2021-06-02,1,48031,MissingStop
137938561,2021-06-02,2,48351,Milas bus station
137938561,2021-06-02,3,48461,Söke bus station
137938561,2021-06-02,4,53121,Izmir otogar tesis
137938561,2021-06-02,5,49011,Izmir bus station
137938561,2021-06-02,6,56731,Konakoğlu rest station
137938561,2021-06-02,7,48921,Bursa bus station
137938561,2021-06-02,8,47921,Gebze bus station
137938561,2021-06-02,9,48021,İstanbul Dudullu
137938561,2021-06-02,10,47991,İstanbul Alibeyköy
137938561,2021-06-02,11,48041,İstanbul Esenler
138339041,2021-06-02,1,8,Freiburg (i.Br.)
138339041,2021-06-02,2,31,Titisee Badeparadies
138339041,2021-06-02,3,32021,Neustadt  (Titisee-Neustadt)
138339041,2021-06-02,4,3228,Engen
138339041,2021-06-02,5,1414,Überlingen
138339041,2021-06-02,6,5,Meersburg
138339041,2021-06-02,7,3198,Markdorf
138339041,2021-06-02,8,1725,Ravensburg
138339041,2021-06-02,9,1704,Wangen
138339041,2021-06-02,10,161,Memmingen central bus station
138339041,2021-06-02,11,1684,Memmingen airport
138339041,2021-06-02,12,10,Munich central bus station
138339041,2021-06-02,13,6988,Prague Main Railway Station
138339041,2021-06-02,14,1494,Prague ÚAN Florenc
138877301,2021-06-02,1,47751,Eskisehir bus station
138877301,2021-06-02,2,48771,Afyon bus station
138877301,2021-06-02,3,51851,Adalya
138877301,2021-06-02,4,48441,Sandıklı bus station
138877301,2021-06-02,5,49891,Keçiborlu bus station
138877301,2021-06-02,6,48911,Burdur bus station
138877301,2021-06-02,7,48061,Bucak
138877301,2021-06-02,8,48841,Antalya bus station
138877301,2021-06-02,9,48451,Serik bus station
138877301,2021-06-02,10,47711,Manavgat bus station
138877301,2021-06-02,11,48801,Alanya Bus Station
139050821,2021-06-02,1,47512,MissingStop
139050821,2021-06-02,2,48381,Orhangazi bus station
139050821,2021-06-02,3,48611,Gemlik bus station
139050821,2021-06-02,4,48921,Bursa bus station
139050821,2021-06-02,5,47961,Inegol bus station
139050821,2021-06-02,6,48111,Bozüyük
139050821,2021-06-02,7,47751,Eskisehir bus station
139050821,2021-06-02,8,48771,Afyon bus station
139050821,2021-06-02,9,51851,Adalya
139050821,2021-06-02,10,48441,Sandıklı bus station
139050821,2021-06-02,11,49891,Keçiborlu bus station
139050821,2021-06-02,12,48911,Burdur bus station
139050821,2021-06-02,13,48061,Bucak
139050821,2021-06-02,14,48841,Antalya bus station
139240561,2021-06-02,1,48041,İstanbul Esenler
139240561,2021-06-02,2,47991,İstanbul Alibeyköy
139240561,2021-06-02,3,48021,İstanbul Dudullu
139240561,2021-06-02,4,48921,Bursa bus station
139240561,2021-06-02,5,56731,Konakoğlu rest station
139240561,2021-06-02,6,53121,Izmir otogar tesis
139240561,2021-06-02,7,49011,Izmir bus station
139240561,2021-06-02,8,48851,Aydın bus station
139240561,2021-06-03,9,50111,Çine bus station
139240561,2021-06-03,10,49161,Yatağan
139240561,2021-06-03,11,47681,Muğla bus station
139240561,2021-06-03,12,49921,Köyceğiz bus station
139240561,2021-06-03,13,48391,Ortaca bus station
139240561,2021-06-03,14,50121,Dalaman bus station
139240561,2021-06-03,15,48631,Fethiye bus station
139240561,2021-06-03,16,49841,Kalkan bus station
139240561,2021-06-03,17,48231,Kaş bus station
139256651,2021-06-02,1,49201,MissingStop
139256651,2021-06-02,2,47881,Bandırma
139256651,2021-06-02,3,48201,Karacabey bus station
139256651,2021-06-02,4,48921,Bursa bus station
139256651,2021-06-02,5,47961,Inegol bus station
139256651,2021-06-02,6,48111,Bozüyük
139256651,2021-06-02,7,51661,Eskişehir rest stop
139256651,2021-06-02,8,47751,Eskisehir bus station
139256651,2021-06-02,9,48411,Polatlı bus station
139256651,2021-06-02,10,48831,Ankara bus station
139452991,2021-06-02,1,13968,Banská Bystrica
139452991,2021-06-02,2,13958,Zvolen
139452991,2021-06-02,3,33071,"Žiar n.Hronom,,aut.st."
139452991,2021-06-02,4,33061,Hliník n.Hronom
139452991,2021-06-02,5,33091,"Žarnovica,,motel Sitno"
139452991,2021-06-02,6,34431,Nitra
139452991,2021-06-02,7,32871,Sereď
139452991,2021-06-02,8,7838,Bratislava
139577711,2021-06-02,1,48161,MissingStop
139577711,2021-06-02,2,49301,Mucur bus station
139577711,2021-06-02,3,47931,Kırşehir bus station
139577711,2021-06-02,4,48171,Kırıkkale bus station
139577711,2021-06-02,5,49101,Elmadağ bus station
139577711,2021-06-02,6,49881,Kayaş Çalışkan
139577711,2021-06-02,7,48831,Ankara bus station
139622431,2021-06-02,1,1765,Graz (Girardigasse)
139622431,2021-06-02,2,1755,Graz Murpark
139622431,2021-06-02,3,1735,Vienna Matzleinsdorferplatz
139622431,2021-06-02,4,1745,Vienna Felberstrasse
139622531,2021-06-02,1,1745,Vienna Felberstrasse
139622531,2021-06-02,2,1735,Vienna Matzleinsdorferplatz
139622531,2021-06-02,3,1755,Graz Murpark
139622531,2021-06-02,4,1765,Graz (Girardigasse)
139881111,2021-06-02,1,48831,Ankara bus station
139881111,2021-06-02,2,48411,Polatlı bus station
139881111,2021-06-02,3,47751,Eskisehir bus station
139881111,2021-06-02,4,48111,Bozüyük
139881111,2021-06-02,5,47961,Inegol bus station
139881111,2021-06-02,6,48921,Bursa bus station
139881111,2021-06-02,7,48201,Karacabey bus station
139881111,2021-06-02,8,47881,Bandırma
139881111,2021-06-02,9,48591,Gönen bus station
139881111,2021-06-02,10,48141,Biga
139881111,2021-06-02,11,50001,Çan bus station
139945461,2021-06-02,1,48921,Bursa bus station
139945461,2021-06-02,2,47961,Inegol bus station
139945461,2021-06-02,3,48111,Bozüyük
139945461,2021-06-02,4,47741,Kütahya bus station
139945461,2021-06-03,5,51701,Afyon KK
139945461,2021-06-03,6,48771,Afyon bus station
139945461,2021-06-03,7,48441,Sandıklı bus station
139945461,2021-06-03,8,49891,Keçiborlu bus station
139945461,2021-06-03,9,47981,Isparta bus station
139945461,2021-06-03,10,48841,Antalya bus station
139945461,2021-06-03,11,49901,Kemer bus station
139945461,2021-06-03,12,48291,Kumluca bus station
139945461,2021-06-03,13,49541,Finike bus station
139987521,2021-06-02,1,48831,Ankara bus station
139987521,2021-06-02,2,48411,Polatlı bus station
139987521,2021-06-02,3,47751,Eskisehir bus station
139987521,2021-06-02,4,48111,Bozüyük
139987521,2021-06-03,5,47961,Inegol bus station
139987521,2021-06-03,6,48921,Bursa bus station
139987521,2021-06-03,7,48201,Karacabey bus station
139987521,2021-06-03,8,47881,Bandırma
139987521,2021-06-03,9,48591,Gönen bus station
139987521,2021-06-03,10,48141,Biga
139987521,2021-06-03,11,50001,Çan bus station
139987521,2021-06-03,12,49171,Yenice
140010781,2021-06-02,1,48031,MissingStop
140010781,2021-06-02,2,48351,Milas bus station
140010781,2021-06-02,3,48461,Söke bus station
140010781,2021-06-03,4,56731,Konakoğlu rest station
140010781,2021-06-03,5,47921,Gebze bus station
140010781,2021-06-03,6,48021,İstanbul Dudullu
140010781,2021-06-03,7,47991,İstanbul Alibeyköy
140010781,2021-06-03,8,48041,İstanbul Esenler
140075521,2021-06-02,1,36102,MissingStop
140075521,2021-06-02,2,10168,Bergamo (Orio al Serio Airport - BGY)
